[
{
  "model": "webapp.category",
  "pk": 1,
  "fields": {
    "name": "\u0423\u0436\u0430\u0441",
    "description": ""
  }
},
{
  "model": "webapp.category",
  "pk": 2,
  "fields": {
    "name": "\u0424\u0430\u043d\u0442\u0430\u0441\u0442\u0438\u043a\u0430",
    "description": ""
  }
},
{
  "model": "webapp.category",
  "pk": 3,
  "fields": {
    "name": "\u0422\u0440\u0438\u043b\u043b\u0435\u0440",
    "description": ""
  }
},
{
  "model": "webapp.category",
  "pk": 4,
  "fields": {
    "name": "\u0414\u0440\u0430\u043c\u0430",
    "description": ""
  }
},
{
  "model": "webapp.movie",
  "pk": 1,
  "fields": {
    "name": "\u0427\u0443\u0436\u043e\u0439",
    "description": "\u0412 \u0434\u0430\u043b\u0435\u043a\u043e\u043c \u0431\u0443\u0434\u0443\u0449\u0435\u043c \u0432\u043e\u0437\u0432\u0440\u0430\u0449\u0430\u044e\u0449\u0438\u0439\u0441\u044f \u043d\u0430 \u0417\u0435\u043c\u043b\u044e \u0433\u0440\u0443\u0437\u043e\u0432\u043e\u0439 \u043a\u043e\u0441\u043c\u0438\u0447\u0435\u0441\u043a\u0438\u0439 \u043a\u043e\u0440\u0430\u0431\u043b\u044c \u043f\u0435\u0440\u0435\u0445\u0432\u0430\u0442\u044b\u0432\u0430\u0435\u0442 \u0438\u0441\u0445\u043e\u0434\u044f\u0449\u0438\u0439 \u0441 \u043d\u0435\u0438\u0437\u0432\u0435\u0441\u0442\u043d\u043e\u0439 \u043f\u043b\u0430\u043d\u0435\u0442\u044b \u043d\u0435\u043e\u043f\u043e\u0437\u043d\u0430\u043d\u043d\u044b\u0439 \u0441\u0438\u0433\u043d\u0430\u043b. \u042d\u043a\u0438\u043f\u0430\u0436, \u0432 \u0441\u043e\u043e\u0442\u0432\u0435\u0442\u0441\u0442\u0432\u0438\u0438 \u0441 \u043e\u0441\u043d\u043e\u0432\u043d\u044b\u043c\u0438 \u0438\u043d\u0441\u0442\u0440\u0443\u043a\u0446\u0438\u044f\u043c\u0438, \u043e\u0431\u044f\u0437\u0430\u043d \u043d\u0430\u0439\u0442\u0438 \u0438 \u0438\u0441\u0441\u043b\u0435\u0434\u043e\u0432\u0430\u0442\u044c \u0438\u0441\u0442\u043e\u0447\u043d\u0438\u043a \u0441\u0438\u0433\u043d\u0430\u043b\u0430. \u041e\u043a\u0430\u0437\u0430\u0432\u0448\u0438\u0441\u044c \u043d\u0430 \u043f\u043b\u0430\u043d\u0435\u0442\u0435, \u0430\u0441\u0442\u0440\u043e\u043d\u0430\u0432\u0442\u044b \u043f\u043e\u0432\u0441\u044e\u0434\u0443 \u043e\u0431\u043d\u0430\u0440\u0443\u0436\u0438\u0432\u0430\u044e\u0442 \u043d\u0435\u043e\u043f\u043e\u0437\u043d\u0430\u043d\u043d\u044b\u0435 \u043f\u0440\u0435\u0434\u043c\u0435\u0442\u044b, \u043f\u043e \u0432\u0438\u0434\u0443 \u043d\u0430\u043f\u043e\u043c\u0438\u043d\u0430\u044e\u0449\u0438\u0435 \u0433\u0438\u0433\u0430\u043d\u0442\u0441\u043a\u0438\u0435 \u043a\u043e\u043a\u043e\u043d\u044b.",
    "poster": "posters/alien.jpg",
    "release_date": "1979-05-25",
    "finish_date": null,
    "genre": [
      1,
      2
    ]
  }
},
{
  "model": "webapp.movie",
  "pk": 2,
  "fields": {
    "name": "\u0422\u0435\u0440\u043c\u0438\u043d\u0430\u0442\u043e\u0440",
    "description": "\u0418\u0441\u0442\u043e\u0440\u0438\u044f \u043f\u0440\u043e\u0442\u0438\u0432\u043e\u0441\u0442\u043e\u044f\u043d\u0438\u044f \u0441\u043e\u043b\u0434\u0430\u0442\u0430 \u041a\u0430\u0439\u043b\u0430 \u0420\u0438\u0437\u0430 \u0438 \u043a\u0438\u0431\u043e\u0440\u0433\u0430-\u0442\u0435\u0440\u043c\u0438\u043d\u0430\u0442\u043e\u0440\u0430, \u043f\u0440\u0438\u0431\u044b\u0432\u0448\u0438\u0445 \u0432 1984-\u0439 \u0433\u043e\u0434 \u0438\u0437 \u043f\u043e\u0441\u0442-\u0430\u043f\u043e\u043a\u0430\u043b\u0438\u043f\u0442\u0438\u0447\u0435\u0441\u043a\u043e\u0433\u043e \u0431\u0443\u0434\u0443\u0449\u0435\u0433\u043e, \u0433\u0434\u0435 \u043c\u0438\u0440\u043e\u043c \u043f\u0440\u0430\u0432\u044f\u0442 \u043c\u0430\u0448\u0438\u043d\u044b-\u0443\u0431\u0438\u0439\u0446\u044b, \u0430 \u0447\u0435\u043b\u043e\u0432\u0435\u0447\u0435\u0441\u0442\u0432\u043e \u043d\u0430\u0445\u043e\u0434\u0438\u0442\u0441\u044f \u043d\u0430 \u0433\u0440\u0430\u043d\u0438 \u0432\u044b\u043c\u0438\u0440\u0430\u043d\u0438\u044f. \u0426\u0435\u043b\u044c \u043a\u0438\u0431\u043e\u0440\u0433\u0430: \u0443\u0431\u0438\u0442\u044c \u0434\u0435\u0432\u0443\u0448\u043a\u0443 \u043f\u043e \u0438\u043c\u0435\u043d\u0438 \u0421\u0430\u0440\u0430 \u041a\u043e\u043d\u043d\u043e\u0440, \u0447\u0435\u0439 \u0435\u0449\u0451 \u043d\u0435\u0440\u043e\u0436\u0434\u0451\u043d\u043d\u044b\u0439 \u0441\u044b\u043d \u043a 2029 \u0433\u043e\u0434\u0443 \u0432\u044b\u0438\u0433\u0440\u0430\u0435\u0442 \u0432\u043e\u0439\u043d\u0443 \u0447\u0435\u043b\u043e\u0432\u0435\u0447\u0435\u0441\u0442\u0432\u0430 \u0441 \u043c\u0430\u0448\u0438\u043d\u0430\u043c\u0438. \u0426\u0435\u043b\u044c \u0420\u0438\u0437\u0430: \u0441\u043f\u0430\u0441\u0442\u0438 \u0421\u0430\u0440\u0443 \u0438 \u043e\u0441\u0442\u0430\u043d\u043e\u0432\u0438\u0442\u044c \u0422\u0435\u0440\u043c\u0438\u043d\u0430\u0442\u043e\u0440\u0430 \u043b\u044e\u0431\u043e\u0439 \u0446\u0435\u043d\u043e\u0439.",
    "poster": "posters/termnator.jpg",
    "release_date": "1984-10-26",
    "finish_date": null,
    "genre": [
      2,
      3
    ]
  }
},
{
  "model": "webapp.movie",
  "pk": 3,
  "fields": {
    "name": "\u0410\u0432\u0430\u0442\u0430\u0440",
    "description": "\u0414\u0436\u0435\u0439\u043a \u0421\u0430\u043b\u043b\u0438 \u2014 \u0431\u044b\u0432\u0448\u0438\u0439 \u043c\u043e\u0440\u0441\u043a\u043e\u0439 \u043f\u0435\u0445\u043e\u0442\u0438\u043d\u0435\u0446, \u043f\u0440\u0438\u043a\u043e\u0432\u0430\u043d\u043d\u044b\u0439 \u043a \u0438\u043d\u0432\u0430\u043b\u0438\u0434\u043d\u043e\u043c\u0443 \u043a\u0440\u0435\u0441\u043b\u0443. \u041d\u0435\u0441\u043c\u043e\u0442\u0440\u044f \u043d\u0430 \u043d\u0435\u043c\u043e\u0449\u043d\u043e\u0435 \u0442\u0435\u043b\u043e, \u0414\u0436\u0435\u0439\u043a \u0432 \u0434\u0443\u0448\u0435 \u043f\u043e-\u043f\u0440\u0435\u0436\u043d\u0435\u043c\u0443 \u043e\u0441\u0442\u0430\u0435\u0442\u0441\u044f \u0432\u043e\u0438\u043d\u043e\u043c. \u041e\u043d \u043f\u043e\u043b\u0443\u0447\u0430\u0435\u0442 \u0437\u0430\u0434\u0430\u043d\u0438\u0435 \u0441\u043e\u0432\u0435\u0440\u0448\u0438\u0442\u044c \u043f\u0443\u0442\u0435\u0448\u0435\u0441\u0442\u0432\u0438\u0435 \u0432 \u043d\u0435\u0441\u043a\u043e\u043b\u044c\u043a\u043e \u0441\u0432\u0435\u0442\u043e\u0432\u044b\u0445 \u043b\u0435\u0442 \u043a \u0431\u0430\u0437\u0435 \u0437\u0435\u043c\u043b\u044f\u043d \u043d\u0430 \u043f\u043b\u0430\u043d\u0435\u0442\u0435 \u041f\u0430\u043d\u0434\u043e\u0440\u0430, \u0433\u0434\u0435 \u043a\u043e\u0440\u043f\u043e\u0440\u0430\u0446\u0438\u0438 \u0434\u043e\u0431\u044b\u0432\u0430\u044e\u0442 \u0440\u0435\u0434\u043a\u0438\u0439 \u043c\u0438\u043d\u0435\u0440\u0430\u043b, \u0438\u043c\u0435\u044e\u0449\u0438\u0439 \u043e\u0433\u0440\u043e\u043c\u043d\u043e\u0435 \u0437\u043d\u0430\u0447\u0435\u043d\u0438\u0435 \u0434\u043b\u044f \u0432\u044b\u0445\u043e\u0434\u0430 \u0417\u0435\u043c\u043b\u0438 \u0438\u0437 \u044d\u043d\u0435\u0440\u0433\u0435\u0442\u0438\u0447\u0435\u0441\u043a\u043e\u0433\u043e \u043a\u0440\u0438\u0437\u0438\u0441\u0430.",
    "poster": "posters/avatar.jpg",
    "release_date": "2009-12-10",
    "finish_date": null,
    "genre": [
      2,
      4
    ]
  }
},
{
  "model": "webapp.movie",
  "pk": 11,
  "fields": {
    "name": "\u041d\u043e\u0432\u044b\u0439",
    "description": "\u041e\u043f\u0438\u0441\u0430\u043d\u0438\u0435",
    "poster": "posters/wallhaven-752987_UM7Bx9i.png",
    "release_date": "2019-03-13",
    "finish_date": "2019-03-16",
    "genre": [
      4
    ]
  }
},
{
  "model": "webapp.movie",
  "pk": 16,
  "fields": {
    "name": "edit",
    "description": "edit",
    "poster": "posters/download_AcNiDev.jpeg",
    "release_date": "2019-03-14",
    "finish_date": "2019-03-15",
    "genre": [
      1,
      2
    ]
  }
},
{
  "model": "webapp.hall",
  "pk": 1,
  "fields": {
    "name": "\u0412\u043e\u0441\u0442\u043e\u0447\u043d\u044b\u0439"
  }
},
{
  "model": "webapp.hall",
  "pk": 2,
  "fields": {
    "name": "\u0417\u0430\u043f\u0430\u0434\u043d\u044b\u0439"
  }
},
{
  "model": "webapp.seat",
  "pk": 1,
  "fields": {
    "hall": 1,
    "row": "1",
    "place": "1"
  }
},
{
  "model": "webapp.seat",
  "pk": 2,
  "fields": {
    "hall": 1,
    "row": "1",
    "place": "2"
  }
},
{
  "model": "webapp.seat",
  "pk": 3,
  "fields": {
    "hall": 1,
    "row": "1",
    "place": "3"
  }
},
{
  "model": "webapp.seat",
  "pk": 4,
  "fields": {
    "hall": 1,
    "row": "2",
    "place": "1"
  }
},
{
  "model": "webapp.seat",
  "pk": 5,
  "fields": {
    "hall": 1,
    "row": "2",
    "place": "2"
  }
},
{
  "model": "webapp.seat",
  "pk": 6,
  "fields": {
    "hall": 1,
    "row": "2",
    "place": "3"
  }
},
{
  "model": "webapp.seat",
  "pk": 7,
  "fields": {
    "hall": 2,
    "row": "1",
    "place": "1"
  }
},
{
  "model": "webapp.seat",
  "pk": 8,
  "fields": {
    "hall": 2,
    "row": "1",
    "place": "2"
  }
},
{
  "model": "webapp.seat",
  "pk": 9,
  "fields": {
    "hall": 2,
    "row": "1",
    "place": "3"
  }
},
{
  "model": "webapp.seat",
  "pk": 10,
  "fields": {
    "hall": 2,
    "row": "2",
    "place": "1"
  }
},
{
  "model": "webapp.seat",
  "pk": 11,
  "fields": {
    "hall": 2,
    "row": "2",
    "place": "2"
  }
},
{
  "model": "webapp.seat",
  "pk": 12,
  "fields": {
    "hall": 2,
    "row": "2",
    "place": "3"
  }
},
{
  "model": "webapp.show",
  "pk": 1,
  "fields": {
    "film": 3,
    "hall": 1,
    "start": "2019-03-18T14:00:00Z",
    "finish": "2019-03-13T18:00:00Z",
    "price": "185.15"
  }
},
{
  "model": "webapp.show",
  "pk": 2,
  "fields": {
    "film": 2,
    "hall": 1,
    "start": "2019-03-18T12:00:00Z",
    "finish": "2019-03-18T14:00:00Z",
    "price": "145.50"
  }
},
{
  "model": "webapp.show",
  "pk": 3,
  "fields": {
    "film": 1,
    "hall": 2,
    "start": "2019-03-18T12:00:00Z",
    "finish": "2019-03-18T14:00:00Z",
    "price": "200.00"
  }
},
{
  "model": "webapp.show",
  "pk": 4,
  "fields": {
    "film": 3,
    "hall": 1,
    "start": "2019-03-19T18:00:00Z",
    "finish": "2019-03-18T20:00:00Z",
    "price": "180.00"
  }
},
{
  "model": "webapp.show",
  "pk": 5,
  "fields": {
    "film": 2,
    "hall": 2,
    "start": "2019-03-19T18:00:00Z",
    "finish": "2019-03-19T20:00:00Z",
    "price": "200.00"
  }
},
{
  "model": "webapp.show",
  "pk": 6,
  "fields": {
    "film": 1,
    "hall": 2,
    "start": "2019-03-19T12:00:00Z",
    "finish": "2019-03-19T14:00:00Z",
    "price": "190.00"
  }
},
{
  "model": "webapp.discount",
  "pk": 1,
  "fields": {
    "name": "\u0421\u0442\u0443\u0434\u0435\u043d\u0442",
    "discount": "15.00",
    "discount_start": "2019-03-06T08:01:12Z",
    "discount_finish": null
  }
},
{
  "model": "webapp.discount",
  "pk": 2,
  "fields": {
    "name": "\u041f\u043e\u0441\u0442\u043e\u044f\u043d\u043d\u044b\u0439 \u043f\u043e\u0441\u0435\u0442\u0438\u0442\u0435\u043b\u044c",
    "discount": "10.00",
    "discount_start": null,
    "discount_finish": null
  }
},
{
  "model": "webapp.discount",
  "pk": 3,
  "fields": {
    "name": "\u0412\u0435\u0441\u0435\u043d\u043d\u0438\u0439",
    "discount": "5.00",
    "discount_start": "2019-03-01T00:00:00Z",
    "discount_finish": "2019-05-31T23:59:59Z"
  }
},
{
  "model": "webapp.discount",
  "pk": 4,
  "fields": {
    "name": "\u041f\u043e\u0434\u0430\u0440\u043e\u043a",
    "discount": "100.00",
    "discount_start": null,
    "discount_finish": null
  }
},
{
  "model": "webapp.discount",
  "pk": 5,
  "fields": {
    "name": "\u041f\u043e\u0434\u0430\u0440\u043e\u043a",
    "discount": "100.00",
    "discount_start": "2019-03-08T00:00:00Z",
    "discount_finish": "2019-03-09T00:00:00Z"
  }
},
{
  "model": "webapp.discount",
  "pk": 6,
  "fields": {
    "name": "sada",
    "discount": "99.00",
    "discount_start": null,
    "discount_finish": null
  }
},
{
  "model": "webapp.ticket",
  "pk": 1,
  "fields": {
    "show": 1,
    "seat": 1,
    "discount": 1,
    "return_ticket": false
  }
},
{
  "model": "webapp.ticket",
  "pk": 2,
  "fields": {
    "show": 1,
    "seat": 2,
    "discount": 3,
    "return_ticket": false
  }
},
{
  "model": "webapp.ticket",
  "pk": 3,
  "fields": {
    "show": 2,
    "seat": 5,
    "discount": null,
    "return_ticket": false
  }
},
{
  "model": "webapp.ticket",
  "pk": 4,
  "fields": {
    "show": 2,
    "seat": 6,
    "discount": 2,
    "return_ticket": false
  }
},
{
  "model": "webapp.ticket",
  "pk": 5,
  "fields": {
    "show": 3,
    "seat": 7,
    "discount": null,
    "return_ticket": false
  }
},
{
  "model": "webapp.ticket",
  "pk": 6,
  "fields": {
    "show": 3,
    "seat": 9,
    "discount": null,
    "return_ticket": false
  }
},
{
  "model": "webapp.reservation",
  "pk": 1,
  "fields": {
    "code": "202282",
    "show": 1,
    "status": "\u0421\u043e\u0437\u0434\u0430\u043d\u043e",
    "created_at": "2019-03-07T06:49:56.923Z",
    "changed_at": "2019-03-07T06:49:56.923Z",
    "seats": [
      11
    ]
  }
},
{
  "model": "auth.permission",
  "pk": 1,
  "fields": {
    "name": "Can add log entry",
    "content_type": [
      "admin",
      "logentry"
    ],
    "codename": "add_logentry"
  }
},
{
  "model": "auth.permission",
  "pk": 2,
  "fields": {
    "name": "Can change log entry",
    "content_type": [
      "admin",
      "logentry"
    ],
    "codename": "change_logentry"
  }
},
{
  "model": "auth.permission",
  "pk": 3,
  "fields": {
    "name": "Can delete log entry",
    "content_type": [
      "admin",
      "logentry"
    ],
    "codename": "delete_logentry"
  }
},
{
  "model": "auth.permission",
  "pk": 4,
  "fields": {
    "name": "Can view log entry",
    "content_type": [
      "admin",
      "logentry"
    ],
    "codename": "view_logentry"
  }
},
{
  "model": "auth.permission",
  "pk": 5,
  "fields": {
    "name": "Can add permission",
    "content_type": [
      "auth",
      "permission"
    ],
    "codename": "add_permission"
  }
},
{
  "model": "auth.permission",
  "pk": 6,
  "fields": {
    "name": "Can change permission",
    "content_type": [
      "auth",
      "permission"
    ],
    "codename": "change_permission"
  }
},
{
  "model": "auth.permission",
  "pk": 7,
  "fields": {
    "name": "Can delete permission",
    "content_type": [
      "auth",
      "permission"
    ],
    "codename": "delete_permission"
  }
},
{
  "model": "auth.permission",
  "pk": 8,
  "fields": {
    "name": "Can view permission",
    "content_type": [
      "auth",
      "permission"
    ],
    "codename": "view_permission"
  }
},
{
  "model": "auth.permission",
  "pk": 9,
  "fields": {
    "name": "Can add group",
    "content_type": [
      "auth",
      "group"
    ],
    "codename": "add_group"
  }
},
{
  "model": "auth.permission",
  "pk": 10,
  "fields": {
    "name": "Can change group",
    "content_type": [
      "auth",
      "group"
    ],
    "codename": "change_group"
  }
},
{
  "model": "auth.permission",
  "pk": 11,
  "fields": {
    "name": "Can delete group",
    "content_type": [
      "auth",
      "group"
    ],
    "codename": "delete_group"
  }
},
{
  "model": "auth.permission",
  "pk": 12,
  "fields": {
    "name": "Can view group",
    "content_type": [
      "auth",
      "group"
    ],
    "codename": "view_group"
  }
},
{
  "model": "auth.permission",
  "pk": 13,
  "fields": {
    "name": "Can add user",
    "content_type": [
      "auth",
      "user"
    ],
    "codename": "add_user"
  }
},
{
  "model": "auth.permission",
  "pk": 14,
  "fields": {
    "name": "Can change user",
    "content_type": [
      "auth",
      "user"
    ],
    "codename": "change_user"
  }
},
{
  "model": "auth.permission",
  "pk": 15,
  "fields": {
    "name": "Can delete user",
    "content_type": [
      "auth",
      "user"
    ],
    "codename": "delete_user"
  }
},
{
  "model": "auth.permission",
  "pk": 16,
  "fields": {
    "name": "Can view user",
    "content_type": [
      "auth",
      "user"
    ],
    "codename": "view_user"
  }
},
{
  "model": "auth.permission",
  "pk": 17,
  "fields": {
    "name": "Can add content type",
    "content_type": [
      "contenttypes",
      "contenttype"
    ],
    "codename": "add_contenttype"
  }
},
{
  "model": "auth.permission",
  "pk": 18,
  "fields": {
    "name": "Can change content type",
    "content_type": [
      "contenttypes",
      "contenttype"
    ],
    "codename": "change_contenttype"
  }
},
{
  "model": "auth.permission",
  "pk": 19,
  "fields": {
    "name": "Can delete content type",
    "content_type": [
      "contenttypes",
      "contenttype"
    ],
    "codename": "delete_contenttype"
  }
},
{
  "model": "auth.permission",
  "pk": 20,
  "fields": {
    "name": "Can view content type",
    "content_type": [
      "contenttypes",
      "contenttype"
    ],
    "codename": "view_contenttype"
  }
},
{
  "model": "auth.permission",
  "pk": 21,
  "fields": {
    "name": "Can add session",
    "content_type": [
      "sessions",
      "session"
    ],
    "codename": "add_session"
  }
},
{
  "model": "auth.permission",
  "pk": 22,
  "fields": {
    "name": "Can change session",
    "content_type": [
      "sessions",
      "session"
    ],
    "codename": "change_session"
  }
},
{
  "model": "auth.permission",
  "pk": 23,
  "fields": {
    "name": "Can delete session",
    "content_type": [
      "sessions",
      "session"
    ],
    "codename": "delete_session"
  }
},
{
  "model": "auth.permission",
  "pk": 24,
  "fields": {
    "name": "Can view session",
    "content_type": [
      "sessions",
      "session"
    ],
    "codename": "view_session"
  }
},
{
  "model": "auth.permission",
  "pk": 25,
  "fields": {
    "name": "Can add movie",
    "content_type": [
      "webapp",
      "movie"
    ],
    "codename": "add_movie"
  }
},
{
  "model": "auth.permission",
  "pk": 26,
  "fields": {
    "name": "Can change movie",
    "content_type": [
      "webapp",
      "movie"
    ],
    "codename": "change_movie"
  }
},
{
  "model": "auth.permission",
  "pk": 27,
  "fields": {
    "name": "Can delete movie",
    "content_type": [
      "webapp",
      "movie"
    ],
    "codename": "delete_movie"
  }
},
{
  "model": "auth.permission",
  "pk": 28,
  "fields": {
    "name": "Can view movie",
    "content_type": [
      "webapp",
      "movie"
    ],
    "codename": "view_movie"
  }
},
{
  "model": "auth.permission",
  "pk": 29,
  "fields": {
    "name": "Can add category",
    "content_type": [
      "webapp",
      "category"
    ],
    "codename": "add_category"
  }
},
{
  "model": "auth.permission",
  "pk": 30,
  "fields": {
    "name": "Can change category",
    "content_type": [
      "webapp",
      "category"
    ],
    "codename": "change_category"
  }
},
{
  "model": "auth.permission",
  "pk": 31,
  "fields": {
    "name": "Can delete category",
    "content_type": [
      "webapp",
      "category"
    ],
    "codename": "delete_category"
  }
},
{
  "model": "auth.permission",
  "pk": 32,
  "fields": {
    "name": "Can view category",
    "content_type": [
      "webapp",
      "category"
    ],
    "codename": "view_category"
  }
},
{
  "model": "auth.permission",
  "pk": 33,
  "fields": {
    "name": "Can add hall",
    "content_type": [
      "webapp",
      "hall"
    ],
    "codename": "add_hall"
  }
},
{
  "model": "auth.permission",
  "pk": 34,
  "fields": {
    "name": "Can change hall",
    "content_type": [
      "webapp",
      "hall"
    ],
    "codename": "change_hall"
  }
},
{
  "model": "auth.permission",
  "pk": 35,
  "fields": {
    "name": "Can delete hall",
    "content_type": [
      "webapp",
      "hall"
    ],
    "codename": "delete_hall"
  }
},
{
  "model": "auth.permission",
  "pk": 36,
  "fields": {
    "name": "Can view hall",
    "content_type": [
      "webapp",
      "hall"
    ],
    "codename": "view_hall"
  }
},
{
  "model": "auth.permission",
  "pk": 37,
  "fields": {
    "name": "Can add seat",
    "content_type": [
      "webapp",
      "seat"
    ],
    "codename": "add_seat"
  }
},
{
  "model": "auth.permission",
  "pk": 38,
  "fields": {
    "name": "Can change seat",
    "content_type": [
      "webapp",
      "seat"
    ],
    "codename": "change_seat"
  }
},
{
  "model": "auth.permission",
  "pk": 39,
  "fields": {
    "name": "Can delete seat",
    "content_type": [
      "webapp",
      "seat"
    ],
    "codename": "delete_seat"
  }
},
{
  "model": "auth.permission",
  "pk": 40,
  "fields": {
    "name": "Can view seat",
    "content_type": [
      "webapp",
      "seat"
    ],
    "codename": "view_seat"
  }
},
{
  "model": "auth.permission",
  "pk": 41,
  "fields": {
    "name": "Can add show",
    "content_type": [
      "webapp",
      "show"
    ],
    "codename": "add_show"
  }
},
{
  "model": "auth.permission",
  "pk": 42,
  "fields": {
    "name": "Can change show",
    "content_type": [
      "webapp",
      "show"
    ],
    "codename": "change_show"
  }
},
{
  "model": "auth.permission",
  "pk": 43,
  "fields": {
    "name": "Can delete show",
    "content_type": [
      "webapp",
      "show"
    ],
    "codename": "delete_show"
  }
},
{
  "model": "auth.permission",
  "pk": 44,
  "fields": {
    "name": "Can view show",
    "content_type": [
      "webapp",
      "show"
    ],
    "codename": "view_show"
  }
},
{
  "model": "auth.permission",
  "pk": 45,
  "fields": {
    "name": "Can add discount",
    "content_type": [
      "webapp",
      "discount"
    ],
    "codename": "add_discount"
  }
},
{
  "model": "auth.permission",
  "pk": 46,
  "fields": {
    "name": "Can change discount",
    "content_type": [
      "webapp",
      "discount"
    ],
    "codename": "change_discount"
  }
},
{
  "model": "auth.permission",
  "pk": 47,
  "fields": {
    "name": "Can delete discount",
    "content_type": [
      "webapp",
      "discount"
    ],
    "codename": "delete_discount"
  }
},
{
  "model": "auth.permission",
  "pk": 48,
  "fields": {
    "name": "Can view discount",
    "content_type": [
      "webapp",
      "discount"
    ],
    "codename": "view_discount"
  }
},
{
  "model": "auth.permission",
  "pk": 49,
  "fields": {
    "name": "Can add reservation",
    "content_type": [
      "webapp",
      "reservation"
    ],
    "codename": "add_reservation"
  }
},
{
  "model": "auth.permission",
  "pk": 50,
  "fields": {
    "name": "Can change reservation",
    "content_type": [
      "webapp",
      "reservation"
    ],
    "codename": "change_reservation"
  }
},
{
  "model": "auth.permission",
  "pk": 51,
  "fields": {
    "name": "Can delete reservation",
    "content_type": [
      "webapp",
      "reservation"
    ],
    "codename": "delete_reservation"
  }
},
{
  "model": "auth.permission",
  "pk": 52,
  "fields": {
    "name": "Can view reservation",
    "content_type": [
      "webapp",
      "reservation"
    ],
    "codename": "view_reservation"
  }
},
{
  "model": "auth.permission",
  "pk": 53,
  "fields": {
    "name": "Can add ticket",
    "content_type": [
      "webapp",
      "ticket"
    ],
    "codename": "add_ticket"
  }
},
{
  "model": "auth.permission",
  "pk": 54,
  "fields": {
    "name": "Can change ticket",
    "content_type": [
      "webapp",
      "ticket"
    ],
    "codename": "change_ticket"
  }
},
{
  "model": "auth.permission",
  "pk": 55,
  "fields": {
    "name": "Can delete ticket",
    "content_type": [
      "webapp",
      "ticket"
    ],
    "codename": "delete_ticket"
  }
},
{
  "model": "auth.permission",
  "pk": 56,
  "fields": {
    "name": "Can view ticket",
    "content_type": [
      "webapp",
      "ticket"
    ],
    "codename": "view_ticket"
  }
},
{
  "model": "auth.user",
  "pk": 1,
  "fields": {
    "password": "pbkdf2_sha256$120000$KVsYgQZEsll7$tqKvJh+T6UOZCyRTkHSs9D6xMJLKG1rTSCxIDMEIh9Q=",
    "last_login": "2019-03-13T09:59:06.356Z",
    "is_superuser": true,
    "username": "admin",
    "first_name": "",
    "last_name": "",
    "email": "",
    "is_staff": true,
    "is_active": true,
    "date_joined": "2019-03-03T06:24:27.314Z",
    "groups": [],
    "user_permissions": []
  }
}
]
